ファイル名,寄付金額,達成率,目標金額,支援者数,期間,応援メッセージの件数,進捗情報,説明文字数,お礼品の種類,お礼品の最高額,お礼品の最低額,説明に使われた画像の枚数
1855,"1,445,000",43.7,"目標金額：3,300,000円",,20229152022113077,0,1,292,36,198000,7000,20
2886,"1,008,000",20.1,"目標金額：5,000,000円",,2024116202433176,15,,536,41,100000,5000,14
2288,"1,043,000",104.3,"目標金額：1,000,000円",,20237142023101291,0,4,508,0,,,20
135,"420,000",28,"目標金額：1,500,000円",,201714201733187,1,,829,0,,,44
2618,"4,651,000",232.5,"目標金額：2,000,000円",,20231022202411990,0,3,609,12,19000,12000,30
763,"149,000",7.4,"目標金額：2,000,000円",,202023202033158,0,,344,4,100000,10000,13
1600,"2,235,000",149,"目標金額：1,500,000円",,2022214202251590,20,10,705,510,71500000,5000,94
1264,"2,517,000",55.9,"目標金額：4,500,000円",,202177202110490,20,5,175,69,560000,5000,27
2415,"10,187,000",69.7,"目標金額：14,602,000円",,20231032023123190,20,17,507,589,792000,10000,54
2071,"271,000",27.1,"目標金額：1,000,000円",,20221115202321391,0,,225,9,200000,7000,31
556,"2,715,000",90.5,"目標金額：3,000,000円",,201967201972145,5,,22,16,1000000,5000,22
2881,"10,000",1,"目標金額：1,000,000円",,2024115202441491,0,3,215,0,,,14
1852,"2,368,000",39.4,"目標金額：6,000,000円",,20221032022123190,0,,298,0,,,14
1899,"6,335,000",63.3,"目標金額：10,000,000円",,20221032022123190,0,5,187,35,668000,10000,35
2412,"3,632,000",363.2,"目標金額：1,000,000円",,20237252023101583,7,,725,859,84000000,5000,41
92,"377,000",8.7,"目標金額：4,320,000円",,20167120161231184,2,,142,0,,,17
66,"1,430,000",35.7,"目標金額：4,000,000円",,2016125201633167,7,,179,0,,,19
104,"130,000",4.3,"目標金額：3,000,000円",,20169152016101531,0,,99,0,,,21
560,"1,158,000",115.8,"目標金額：1,000,000円",,201971201993092,20,1,22,5,100000,10000,31
2629,"3,573,000",357.3,"目標金額：1,000,000円",,202310102023123183,5,2,183,170,1000000,4000,19
907,"4,000,600",100,"目標金額：4,000,000円",,2020617202091490,0,,212,1,30000,30000,13
2286,"1,529,777",76.4,"目標金額：2,000,000円",,202361202363030,0,,463,3,20000,15000,14
50,"10,574,000",105.7,"目標金額：10,000,000円",,20151022015113060,20,,35,0,,,31
1863,"1,769,320",17.6,"目標金額：10,000,000円",,202210122022123181,0,,249,10,25000,10000,23
1636,"1,130,000",113,"目標金額：1,000,000円",,202252202273090,3,2,128,16,100000,5000,21
2275,"5,570,000",101.2,"目標金額：5,500,000円",,20237262023102188,0,,41,0,,,11
558,"2,108,000",210.8,"目標金額：1,000,000円",,20196212019928100,19,,153,27,45000,7000,20
2423,"3,348,000",139.5,"目標金額：2,400,000円",,2023825202310643,0,1,669,12,39000,10000,16
1662,"2,002,500",100.1,"目標金額：2,000,000円",,2022427202261247,20,1,373,0,,,19
2477,"3,321,000",101.8,"目標金額：3,260,000円",,20231022023123191,9,7,224,0,,,40
1837,"1,243,100",124.3,"目標金額：1,000,000円",,20229302022123193,20,,697,53,240000,6000,20
533,"675,000",45,"目標金額：1,500,000円",,2019426201963066,2,,385,0,,,19
2810,"5,938,500",197.9,"目標金額：3,000,000円",,2023121202422890,20,5,0,1,20000,20000,37
739,"1,251,027",25,"目標金額：5,000,000円",,2019122202022990,0,1,380,0,,,10
2014,"1,050,000",105,"目標金額：1,000,000円",,20221124202322190,13,,349,136,600000,8000,25
1665,"44,000",4.4,"目標金額：1,000,000円",,202256202273187,0,1,0,49,497000,9000,14
1201,"523,111",17.4,"目標金額：3,000,000円",,202171202193092,20,2,142,0,,,19
2484,"3,742,000",12.4,"目標金額：30,000,000円",,20231031202412890,0,1,299,145,6600000,7000,16
2817,"150,001,600",75,"目標金額：200,000,000円",,202311272024331126,20,1,117,81,600000,5500,29
362,"353,000",4.4,"目標金額：8,000,000円",,2018932018113089,0,,382,12,100000,5000,19
534,"2,905,000",96.8,"目標金額：3,000,000円",,2019412019731122,0,,22,5,100000,10000,22
1830,"7,036,000",35.1,"目標金額：20,000,000円",,20221032022123190,20,,6,13,200000,10000,14
1495,"2,072,600",29.6,"目標金額：7,000,000円",,20211119202221791,17,4,346,9,60000,10000,29
159,"295,000",2.9,"目標金額：10,000,000円",,20179620171231117,0,,447,0,,,24
2022,"8,158,000",407.8,"目標金額：2,000,000円",,20221022202311989,0,3,609,12,19000,12000,22
1237,"640,000",32,"目標金額：2,000,000円",,202110152022131109,0,2,355,7,250000,5000,19
1839,"43,000",4.3,"目標金額：1,000,000円",,202285202291744,0,,213,0,,,10
1005,"591,000",19.7,"目標金額：3,000,000円",,2020912020113091,0,,545,0,,,13
502,"1,015,000",101.4,"目標金額：1,000,000円",,20181221201931080,9,1,224,4,50000,10000,26
2821,"333,000",33.3,"目標金額：1,000,000円",,20231214202431290,0,,314,78,52000,8000,13
1208,"8,784,000",29.2,"目標金額：30,000,000円",,2021428202172690,20,4,200,19,38000,10000,40
708,"310,000",31,"目標金額：1,000,000円",,201911182019121326,0,1,168,0,,,22
2217,"705,000",39.1,"目標金額：1,800,000円",,202321202333158,0,,189,24,270000,12000,15
1459,"659,000",65.9,"目標金額：1,000,000円",,20211015202211290,3,1,0,26,50000,10000,28
195,"3,113,519",103.7,"目標金額：3,000,000円",,20178252017112290,0,,0,0,,,15
2228,"181,000",9,"目標金額：2,000,000円",,202331202352990,0,,254,119,88000,1000,59
161,"360,000",18,"目標金額：2,000,000円",,20176120171031153,4,,26,0,,,17
505,"3,003,055",100.1,"目標金額：3,000,000円",,20181219201932496,0,3,211,17,100000,5000,33
737,"717,000",1,"目標金額：70,000,000円",,20191220202031890,15,3,104,18,125000,5000,41
1298,"286,000",28.6,"目標金額：1,000,000円",,20217162021101794,0,,0,0,,,42
566,"75,000",3.7,"目標金額：2,000,000円",,20197122019101192,0,,153,145,1250000,6000,51
754,"483,076",4.8,"目標金額：10,000,000円",,20191227202032792,0,,479,0,,,15
1896,"5,894,000",117.8,"目標金額：5,000,000円",,202211720232490,20,2,274,5,110000,7000,26
2079,"1,175,000",117.5,"目標金額：1,000,000円",,2022111202312990,1,2,78,0,,,19
102,"4,692,000",9.3,"目標金額：50,000,000円",,2016912017330211,20,,695,0,,,16
69,"260,000",8.6,"目標金額：3,000,000円",,2016129201632961,6,,48,0,,,18
1862,"3,281,423",109.3,"目標金額：3,000,000円",,20229122022121191,0,3,212,15,148000,10000,26
901,"5,410,000",54.1,"目標金額：10,000,000円",,202061202083192,0,5,273,36,100000,8000,15
56,"600,000",20,"目標金額：3,000,000円",,20151116201612470,0,,0,0,,,16
1637,"684,000",22.8,"目標金額：3,000,000円",,20221032022123190,0,,239,7,80000,3000,14
1405,"1,057,500",105.7,"目標金額：1,000,000円",,20211042021123189,9,4,0,12,55000,5000,50
595,"1,115,574",111.5,"目標金額：1,000,000円",,2019922019112686,0,,157,0,,,25
105,"170,000",5.6,"目標金額：3,000,000円",,20169202016111860,0,,140,0,,,32
1066,"4,740,145",237,"目標金額：2,000,000円",,2020112202113191,20,3,18,0,,,26
2425,"3,072,000",51.2,"目標金額：6,000,000円",,20238252023102562,0,3,67,10,39000,10000,29
1092,"1,327,000",100.5,"目標金額：1,320,000円",,2020111020211758,3,,315,0,,,26
2617,"1,378,000",34.4,"目標金額：4,000,000円",,2023111202412990,5,2,180,519,1500000,10000,28
2273,0,0,"目標金額：10,000,000円",,20234102023930174,0,,598,0,,,10
308,"16,609,310",166,"目標金額：10,000,000円",,201852220181031163,20,4,287,6,300000,5000,21
1639,"55,050",2.7,"目標金額：2,000,000円",,202241202263091,3,1,205,0,,,14
1853,"1,005,000",100.4,"目標金額：1,000,000円",,202291202293030,5,2,80,0,,,18
58,"9,839,000",98.3,"目標金額：10,000,000円",,201511302015123132,0,,600,0,,,30
765,"418,000",13.9,"目標金額：3,000,000円",,202023202033057,0,,151,6,18000,18000,20
133,"10,555,000",211.1,"目標金額：5,000,000円",,2017632018131243,11,,0,0,,,14
1050,"2,445,000",29.8,"目標金額：8,190,000円",,202011162021228105,0,,232,37,190000,10000,24
2083,"12,531,500",1253.1,"目標金額：1,000,000円",,20221121202322092,3,2,504,30,334000,5500,19
568,"2,030,000",202.9,"目標金額：1,000,000円",,201971201993092,14,,198,4,100000,5000,25
2413,"2,880,500",72,"目標金額：4,000,000円",,202394202312290,20,,253,153,3450000,7000,41
2873,"458,000",17.9,"目標金額：2,547,000円",,202411202433191,0,,108,226,330000,5000,20
762,"123,000",6.1,"目標金額：2,000,000円",,202023202032451,0,1,0,12,100000,5000,14
2619,"3,809,351",76.1,"目標金額：5,000,000円",,20231032023123190,0,1,119,249,1200000,7000,38
1068,"2,633,000",131.6,"目標金額：2,000,000円",,202011420212190,10,3,220,40,170000,1000,23
2289,"796,000",79.6,"目標金額：1,000,000円",,2023812023102990,9,2,414,3,10000,3000,27
1291,"218,000",21.8,"目標金額：1,000,000円",,202182202193060,0,,288,11,50000,6000,17
94,"574,000",14.3,"目標金額：4,000,000円",,20167152017331260,5,,322,0,,,32
2242,"754,000",75.4,"目標金額：1,000,000円",,202331202343061,2,1,288,3,15000,10000,16
1601,"3,325,488",110.8,"目標金額：3,000,000円",,2022729202292963,20,,0,0,,,29
1265,"738,000",36.9,"目標金額：2,000,000円",,202171202192991,7,1,69,10,38000,10000,19
60,"2,215,000",22.1,"目標金額：10,000,000円",,20151242016331119,8,,0,0,,,32
2672,"560,000",18.6,"目標金額：3,000,000円",,202310620241491,0,,276,1,5000,5000,8
2686,"1,000,000",100,"目標金額：1,000,000円",,20231112023123161,0,,191,482,2000000,4000,56
160,"3,286,000",164.3,"目標金額：2,000,000円",,201771201783162,20,,50,0,,,18
2229,"35,000",1.1,"目標金額：3,000,000円",,2023120202333070,2,1,173,0,,,14
736,"5,175,000",103.5,"目標金額：5,000,000円",,201912162020331107,0,1,205,0,,,19
194,"147,000",14.7,"目標金額：1,000,000円",,2017821201791930,2,,177,0,,,13
1494,"720,000",51.4,"目標金額：1,400,000円",,20211112202213181,10,,463,5,300000,5000,17
503,"2,117,000",105.8,"目標金額：2,000,000円",,20181220201921558,20,2,0,0,,,20
2015,"1,341,000",134.1,"目標金額：1,000,000円",,2022101120231587,9,1,137,0,,,27
2227,"30,000",1.5,"目標金額：2,000,000円",,202321202333159,0,1,54,0,,,17
363,"20,470,000",102.3,"目標金額：20,000,000円",,20181012018123192,20,4,160,7,300000,10000,58
2816,"1,799,400",179.9,"目標金額：1,000,000円",,20231215202431390,0,4,148,315,1353000,5000,63
535,"1,102,000",73.4,"目標金額：1,500,000円",,2019419201972699,10,,140,0,,,20
707,"225,000",22.5,"目標金額：1,000,000円",,20191119202021690,3,,119,0,,,29
2476,"1,341,500",134.1,"目標金額：1,000,000円",,20239152023121491,0,,436,0,,,23
1451,"575,580",33.8,"目標金額：1,700,000円",,2022226202233134,20,,293,0,,,30
390,"5,073,000",101.4,"目標金額：5,000,000円",,20181012018123192,20,1,223,0,,,25
1238,"789,588",7.8,"目標金額：10,000,000円",,2021519202173174,0,2,347,11,126000,10000,21
216,"565,000",11.3,"目標金額：5,000,000円",,20171022017122686,7,,331,0,,,16
2709,"1,419,333",70.9,"目標金額：2,000,000円",,202310162023123177,0,,93,0,,,14
440,"345,000",23,"目標金額：1,500,000円",,20197120191011103,0,1,153,0,,,24
2504,"491,822",9.8,"目標金額：5,000,000円",,2023912023113091,20,,354,0,,,17
2736,"754,000",10.7,"目標金額：7,000,000円",,20231027202412490,0,1,298,24,480000,5000,20
2352,"5,119,800",102.3,"目標金額：5,000,000円",,20237282023102691,0,1,68,1067,3334000,1000,44
447,"787,029",78.7,"目標金額：1,000,000円",,201811120191566,17,,439,9,33000,5000,33
675,"820,000",27.3,"目標金額：3,000,000円",,20191125202022492,3,,217,79,1000000,5000,26
2167,"3,800,000",190,"目標金額：2,000,000円",,202212920233890,0,,330,11,25000,7000,19
1988,"527,000",35.1,"目標金額：1,500,000円",,20221014202311190,0,1,167,0,,,14
1140,"1,453,491",38.2,"目標金額：3,800,000円",,20201216202131590,0,1,284,0,,,28
1975,"3,375,000",112.5,"目標金額：3,000,000円",,2022101120231890,20,4,362,8,20000,3000,44
1182,"34,845,000",116.1,"目標金額：30,000,000円",,20211082021111034,5,1,0,5,2000000,7000,23
816,"690,000",69,"目標金額：1,000,000円",,2020520202081891,0,1,344,8,101000,12000,12
1512,"11,915,974",595.7,"目標金額：2,000,000円",,202111320222190,0,2,144,7,300000,3000,20
644,"135,000",9,"目標金額：1,500,000円",,20191012019123192,0,,107,0,,,15
1986,"29,157,632",64.7,"目標金額：45,000,000円",,20221042023331179,20,,991,50,3000000,5000,28
1388,"8,166,000",102,"目標金額：8,000,000円",,20211052021123188,20,8,306,8,100000,10000,41
2390,"2,422,000",242.2,"目標金額：1,000,000円",,2023812023102990,4,1,187,583,800000,6000,106
2364,"1,313,000",26.2,"目標金額：5,000,000円",,2023712202393081,0,1,305,0,,,15
449,"150,000",3.7,"目標金額：4,000,000円",,2018115201913188,0,1,741,0,,,21
1185,"7,644,000",254.8,"目標金額：3,000,000円",,202141202163091,20,3,140,2,17000,10000,33
2700,"1,919,000",0.9,"目標金額：197,250,000円",,2023111202412990,0,1,164,446,1000000,2000,29
422,"2,260,000",205.4,"目標金額：1,100,000円",,20181022018123191,20,1,91,0,,,23
628,"3,140,000",157,"目標金額：2,000,000円",,20191012019123192,0,1,196,2,30000,10000,20
2753,"566,000",9.4,"目標金額：6,000,000円",,202310252023113037,0,,142,701,60000000,1000,30
2595,"4,417,500",220.8,"目標金額：2,000,000円",,20231022023123191,0,6,206,74,500000,5000,29
273,"20,571,000",102.8,"目標金額：20,000,000円",,201842201863090,6,,186,168,4300000,10000,46
2568,"250,000",16.6,"目標金額：1,500,000円",,20231018202411590,0,,164,0,,,14
1745,"185,100",18.5,"目標金額：1,000,000円",,20227120228738,0,,252,3,30000,10000,12
1577,"224,000",22.4,"目標金額：1,000,000円",,2021121020223990,0,,0,470,800000,5000,32
289,"3,000,000",100,"目標金額：3,000,000円",,201851201873192,0,,0,5,100000,5000,33
2796,"4,224,000",140.8,"目標金額：3,000,000円",,20231212202431090,19,2,92,492,500000,3000,181
2908,"3,626,000",36.2,"目標金額：10,000,000円",,20245120247364,18,4,114,20,800000,13000,21
2134,"3,005,000",100.1,"目標金額：3,000,000円",,202211112022123151,0,,346,13,33000,12000,15
2339,"904,000",45.2,"目標金額：2,000,000円",,2023622202391990,1,4,155,264,1065000,5000,44
626,"8,033,500",47.2,"目標金額：17,000,000円",,20191012019123192,4,1,160,6,500000,10000,48
1389,"2,040,000",102,"目標金額：2,000,000円",,20211029202212791,14,1,174,11,200000,10000,23
477,"1,114,000",111.4,"目標金額：1,000,000円",,201811272018123135,0,,298,4,100000,10000,20
645,"1,754,000",175.4,"目標金額：1,000,000円",,201992020191231103,11,,527,4,20000,5000,18
221,"5,976,000",59.7,"目標金額：10,000,000円",,20171112018331151,20,4,290,2,10000,10000,19
810,"336,000",33.6,"目標金額：1,000,000円",,202071202093092,0,,0,0,,,19
2365,"365,000",14.6,"目標金額：2,500,000円",,202373202393090,0,,491,1,5000,5000,11
1342,"323,000",3.6,"目標金額：8,900,000円",,20211042021123189,0,,141,17,150000,10000,18
1148,"25,521,000",255.2,"目標金額：10,000,000円",,202114202122856,0,1,389,0,,,21
226,"101,618,005",101.6,"目標金額：100,000,000円",,20171112018228120,10,,1184,0,,,27
642,"1,006,000",100.6,"目標金額：1,000,000円",,20191082019123185,0,2,152,4,200000,150000,30
2396,"1,131,111",113.1,"目標金額：1,000,000円",,2023832023103190,0,5,167,0,,,25
2534,"22,349,877",49.6,"目標金額：45,000,000円",,20231022023123191,20,,536,36,100000,5000,14
1183,"200,000",5.1,"目標金額：3,900,000円",,202151420217654,0,,236,10,32000,10000,18
219,"345,000",17.2,"目標金額：2,000,000円",,2017111201813192,2,,153,0,,,18
2362,"520,000",34.6,"目標金額：1,500,000円",,2023620202372839,0,3,279,51,100000,3000,23
1728,"524,276",10.4,"目標金額：5,000,000円",,2022713202318180,0,,239,0,,,22
680,"3,448,420",172.4,"目標金額：2,000,000円",,20191222020316106,0,1,423,0,,,19
446,"1,813,500",18.1,"目標金額：10,000,000円",,2018111201913192,20,,449,48,1400000,5000,13
1141,"172,500",17.2,"目標金額：1,000,000円",,20201216202122875,0,,0,15,100000,12000,24
441,"355,000",10.1,"目標金額：3,500,000円",,2018111220192990,0,,506,3,50000,10000,18
687,"1,085,000",54.2,"目標金額：2,000,000円",,2019111202012990,4,1,240,3,30000,5000,22
826,"4,703,000",23.5,"目標金額：20,000,000円",,202071202092991,0,,389,2,100000,10000,16
2353,"8,870,000",177.4,"目標金額：5,000,000円",,202373202393090,0,,242,1064,3334000,1000,35
2195,"400,000",40,"目標金額：1,000,000円",,2022129202322882,4,1,274,0,,,16
1374,"603,000",10,"目標金額：6,000,000円",,20219132021121190,0,,224,0,,,14
2551,"585,000",58.5,"目標金額：1,000,000円",,20231032023123190,0,1,413,0,,,13
1582,"934,700",9.3,"目標金額：10,000,000円",,202112172022430135,0,,291,3,10000,7000,19
2135,"1,254,000",62.7,"目標金額：2,000,000円",,202212162023331106,2,,300,29,1800000,10000,25
288,"1,655,000",41.3,"目標金額：4,000,000円",,201851201872990,20,,371,4,50000,10000,13
886,"1,000,000",100,"目標金額：1,000,000円",,2020615202091290,0,,158,0,,,16
2797,"50,000",3.3,"目標金額：1,500,000円",,20231127202422591,0,,672,0,,,10
243,"28,702,747",82,"目標金額：35,000,000円",,201712620183590,0,,135,0,,,17
1743,"50,000",5,"目標金額：1,000,000円",,2022622202291990,0,,0,502,800000,5000,48
1585,"60,000",6,"目標金額：1,000,000円",,20211224202212836,0,2,481,0,,,15
2764,"6,652,131",221.7,"目標金額：3,000,000円",,2023111202412990,9,1,234,83,800000,6000,24
2569,"392,000",21.7,"目標金額：1,800,000円",,20231022023123191,0,12,260,0,,,46
620,"328,000",32.8,"目標金額：1,000,000円",,20199202019122092,2,7,129,0,,,53
244,"680,000",45.3,"目標金額：1,500,000円",,2017121201822890,0,,183,0,,,14
1311,"5,197,884",103.9,"目標金額：5,000,000円",,2021812022131184,0,1,45,0,,,16
2752,"4,847,000",161.5,"目標金額：3,000,000円",,20231124202413169,1,3,274,596,3000000,5000,64
629,"215,000",11.8,"目標金額：1,815,000円",,201992020191231103,3,2,162,10,70000,10000,26
2104,"2,955,000",147.7,"目標金額：2,000,000円",,20221110202311062,20,5,637,11,100000,10000,25
888,"37,000",1.2,"目標金額：3,000,000円",,20206420209190,0,,0,122,500000,10000,21
272,"2,100,000",105,"目標金額：2,000,000円",,20183212018831164,0,,0,9,70000,6000,22
2907,"4,192,000",139.7,"目標金額：3,000,000円",,202431202452990,0,3,11,101,1200000,7000,20
2331,"2,045,000",102.2,"目標金額：2,000,000円",,2023812023103192,2,1,0,119,560000,7000,28
844,"700,000",70,"目標金額：1,000,000円",,202051202072990,13,1,270,4,100000,5000,13
2567,"330,000",8.2,"目標金額：4,000,000円",,20231022023123090,0,,299,0,,,16
2755,"7,866,000",170.4,"目標金額：4,616,000円",,2023111202412990,0,11,210,14,3500000,8000,47
1124,"125,000",6.2,"目標金額：2,000,000円",,2020121202122890,1,,399,8,70000,5000,15
611,"1,821,100",121.4,"目標金額：1,500,000円",,20198302019113093,20,2,0,3,10000,5000,42
275,"1,000,000",100,"目標金額：1,000,000円",,201843201862988,14,,286,4,50000,5000,15
1329,"4,243,254",141.4,"目標金額：3,000,000円",,20218202021111790,20,1,219,5,50000,5000,46
2748,"2,159,000",154.2,"目標金額：1,400,000円",,20231112023122555,0,3,298,0,,,15
2545,"7,359,000",100.1,"目標金額：7,350,000円",,20239292023111548,10,3,380,617,800000,6000,117
268,"3,100,000",155,"目標金額：2,000,000円",,2018220201852090,0,,0,0,,,19
1596,"2,398,000",119.9,"目標金額：2,000,000円",,202241202263091,20,2,141,0,,,20
1334,"1,127,000",32.9,"目標金額：3,420,000円",,20211032021123190,0,,231,0,,,17
2589,"1,380,000",62.7,"目標金額：2,200,000円",,20231022023123191,3,,79,510,1260000,5000,40
250,"581,000",5.8,"目標金額：10,000,000円",,20171272018331114,2,,325,4,1000000,10000,20
2784,"2,377,000",237.7,"目標金額：1,000,000円",,20231212023123131,4,1,505,22,335000,3000,16
2126,"3,026,000",10,"目標金額：30,000,000円",,20221215202322876,20,1,326,6,45000,12000,24
2542,"3,879,000",38.7,"目標金額：10,000,000円",,202392120231231102,0,1,429,0,,,19
439,"670,000",67,"目標金額：1,000,000円",,20181122201911555,0,1,336,0,,,15
2770,"80,000",8,"目標金額：1,000,000円",,20231127202422591,0,,147,0,,,9
1598,"714,000",71.4,"目標金額：1,000,000円",,2022210202233150,0,3,166,0,,,18
2779,"7,265,376",72.6,"目標金額：10,000,000円",,202312420243290,20,4,259,94,500000,2000,20
430,"1,572,000",157.2,"目標金額：1,000,000円",,20181015201911088,0,1,437,0,,,23
2746,"2,806,000",140.3,"目標金額：2,000,000円",,20231110202411062,16,4,445,34,300000,6000,25
2128,"876,000",17.5,"目標金額：5,000,000円",,20221114202321291,0,3,74,933,3000000,5000,29
850,"1,590,000",106,"目標金額：1,500,000円",,2020617202091490,0,,73,1,10000,10000,18
1792,"154,000",3,"目標金額：5,000,000円",,2022720202293073,2,1,448,0,,,16
408,"1,815,000",12.1,"目標金額：15,000,000円",,20181012018123192,0,1,260,10,1000000,5000,18
2587,"3,615,000",36.1,"目標金額：10,000,000円",,202310132023123180,0,,295,36,1000000,10000,20
2527,"965,000",38.6,"目標金額：2,500,000円",,202394202312391,0,2,213,0,,,16
2385,"6,570,000",65.7,"目標金額：10,000,000円",,20237192023101589,20,13,249,0,,,39
1500,"370,000",37,"目標金額：1,000,000円",,2021111202212990,14,1,177,12,101000,5000,29
651,"2,020,000",202,"目標金額：1,000,000円",,20191012019123192,11,1,282,0,,,25
235,"6,153,000",307.6,"目標金額：2,000,000円",,2017126201822885,11,,650,0,,,18
497,"2,771,677",277.1,"目標金額：1,000,000円",,20181217201931589,20,1,620,4,30000,1000,21
1735,"2,138,000",106.9,"目標金額：2,000,000円",,2022812022103192,5,2,0,93,3390000,9000,26
1351,"1,365,000",136.5,"目標金額：1,000,000円",,20211042021123188,3,2,283,0,,,17
2520,"1,908,000",95.4,"目標金額：2,000,000円",,2023922023113090,3,1,163,190,500000,1000,28
2376,"4,892,333",195.6,"目標金額：2,500,000円",,202381202393061,11,2,121,224,2500000,7000,46
2186,"1,678,000",36.3,"目標金額：4,611,000円",,2022121202322890,0,,111,0,,,14
452,"428,000",21.4,"目標金額：2,000,000円",,2018111201913192,0,1,325,3,11000,10000,21
658,"240,000",24,"目標金額：1,000,000円",,20191072019123186,5,1,189,5,30000,10000,25
2175,"3,846,000",192.3,"目標金額：2,000,000円",,2023412202353150,20,1,111,62,165000,5500,28
2378,"639,000",21.3,"目標金額：3,000,000円",,202363020238638,0,,555,66,40000,3000,18
667,"60,000",6,"目標金額：1,000,000円",,2019118202013185,0,,77,0,,,18
1951,"1,163,000",35.4,"目標金額：3,280,000円",,2022121202322890,0,1,337,236,3400000,3000,21
260,"1,010,000",101,"目標金額：1,000,000円",,2018129201822831,18,4,14,0,,,20
2116,"2,662,000",1,"目標金額：250,000,000円",,2022113202313190,0,4,182,362,920000,2000,112
2572,"7,082,783",177,"目標金額：4,000,000円",,20231022023123191,0,5,130,0,,,58
409,"1,359,058",135.9,"目標金額：1,000,000円",,201810112018123182,17,2,508,1,50000,50000,27
267,"485,000",4.8,"目標金額：10,000,000円",,2018126201832559,0,,447,0,,,24
431,"10,000",0.2,"目標金額：4,000,000円",,2018105201812259,0,,365,0,,,11
603,"10,923,000",36.4,"目標金額：30,000,000円",,20198302020331215,2,,170,22,75000,8000,38
293,"7,972,748",132.8,"目標金額：6,000,000円",,2018423201872190,0,,276,17,100000,5000,38
2575,"1,082,000",90.1,"目標金額：1,200,000円",,20231020202411891,10,1,0,3,50000,10000,32
635,"1,428,181",10.2,"目標金額：14,000,000円",,201910820201792,0,1,250,0,,,25
2588,"628,000",62.8,"目標金額：1,000,000円",,20239222023122090,20,2,240,3,10000,2000,27
1903,"2,562,000",25.6,"目標金額：10,000,000円",,20221032022121675,0,1,200,20,115000,10000,20
2315,"936,000",78,"目標金額：1,200,000円",,2023619202373143,0,3,348,79,174000,5000,20
1590,"289,000",4.8,"目標金額：6,000,000円",,20222120225190,0,,189,16,52000,12000,16
2543,"383,000",21.2,"目標金額：1,800,000円",,2023111202412990,7,1,114,14,200000,3000,14
1332,"1,252,000",125.2,"目標金額：1,000,000円",,2021912021113091,3,,0,0,,,19
1904,"2,024,000",40.4,"目標金額：5,000,000円",,2022992023331204,0,1,434,0,,,25
2782,"1,945,000",194.5,"目標金額：1,000,000円",,20231212023123131,4,3,545,22,335000,3000,21
269,"730,000",73,"目標金額：1,000,000円",,201842201863090,0,,61,1,20000,20000,20
2120,"1,046,777",104.6,"目標金額：1,000,000円",,202211112022123151,0,,305,13,33000,12000,18
2180,"8,874,000",177.4,"目標金額：5,000,000円",,2022121202322890,0,1,0,40,300000,6000,16
1537,"930,000",54.7,"目標金額：1,700,000円",,20211115202211562,14,2,0,0,,,26
833,"11,449,000",114.4,"目標金額：10,000,000円",,202051202072990,20,2,266,9,1040000,12000,17
692,"532,800",53.2,"目標金額：1,000,000円",,20191112019122555,0,,151,0,,,18
2379,"4,893,000",97.8,"目標金額：5,000,000円",,2023812024131184,0,,45,1,100000,100000,11
454,"20,000",1,"目標金額：2,000,000円",,20181112018123161,0,1,597,0,,,16
2341,"2,203,000",100.1,"目標金額：2,200,000円",,2023882023103084,0,1,237,3,200000,10000,18
2173,"90,000",4.5,"目標金額：2,000,000円",,20221216202331691,0,,275,5,10000,10000,23
2517,"284,000",7.1,"目標金額：4,000,000円",,20231022023123191,0,4,159,21,59000,11000,23
1366,"1,003,200",100.3,"目標金額：1,000,000円",,20219172021113075,19,6,0,6,50000,5000,50
1968,"572,000",16,"目標金額：3,564,000円",,20229282022122387,0,,121,0,,,12
453,"4,864,000",138.9,"目標金額：3,500,000円",,20181112018123161,11,1,475,0,,,20
2377,"593,000",59.3,"目標金額：1,000,000円",,20237142023101291,0,,246,7,36000,16000,13
1350,"289,000",28.9,"目標金額：1,000,000円",,2021912021103161,0,,325,0,,,13
657,"861,000",4.3,"目標金額：20,000,000円",,20191021202012092,0,,165,159,1850000,6000,55
1165,"1,069,310",53.4,"目標金額：2,000,000円",,20201224202122867,17,2,452,0,,,21
1357,"2,280,000",76,"目標金額：3,000,000円",,20211012202211090,0,3,126,31,300000,10000,58
2142,"1,070,500",107,"目標金額：1,000,000円",,20221272022123125,3,,88,90,100000,6000,16
805,"12,948,938",64.7,"目標金額：20,000,000円",,20204242021331342,18,,108,1,30000,30000,22
2370,"20,368,000",678.9,"目標金額：3,000,000円",,202310192023122063,0,14,88,0,,,70
2189,"2,116,000",105.8,"目標金額：2,000,000円",,20221124202322190,20,2,299,0,,,28
496,"40,000",3.3,"目標金額：1,200,000円",,20181214201912038,0,2,306,1,5000,5000,23
2519,"14,233,000",142.3,"目標金額：10,000,000円",,202310262023123167,0,2,147,23,350000,10000,22
1028,"525,000",52.5,"目標金額：1,000,000円",,2020111202113192,17,1,317,9,10000,5000,30
2202,"224,000",22.4,"目標金額：1,000,000円",,202314202333187,0,,105,14,100000,8000,22
1487,"10,645,230",106.4,"目標金額：10,000,000円",,202111520222391,20,3,294,121,700000,7000,29
1017,"5,221,000",104.4,"目標金額：5,000,000円",,202091520201223100,0,2,229,0,,,22
1679,"482,000",48.2,"目標金額：1,000,000円",,20226120227737,0,,412,8,30000,15000,13
2498,"1,130,000",37.6,"目標金額：3,000,000円",,20231022023123191,4,3,145,9,18000,10000,19
341,"476,000",31.7,"目標金額：1,500,000円",,2018812018103192,17,,0,2,50000,5000,28
1222,"823,000",82.3,"目標金額：1,000,000円",,2021413202171190,0,1,359,0,,,22
1480,"2,625,000",128,"目標金額：2,050,000円",,202111820222590,20,6,529,4,10000,5000,40
2661,"323,000",29.3,"目標金額：1,100,000円",,20231062023123187,5,,302,0,,,21
2668,"1,743,000",96.8,"目標金額：1,800,000円",,20231112023123161,6,,339,12,100000,10000,38
1670,"990,000",99,"目標金額：1,000,000円",,2022627202292591,0,5,537,0,,,20
1214,"26,794,888",267.9,"目標金額：10,000,000円",,202141520211130230,0,2,390,2,100000,5000,21
2465,"6,079,000",173.6,"目標金額：3,500,000円",,20231032023123190,20,20,284,12,150000,10000,74
348,"1,105,000",36.8,"目標金額：3,000,000円",,2018719201893074,0,,923,4,100000,5000,21
1684,"191,000",19.1,"目標金額：1,000,000円",,2022516202273177,0,,543,2,20000,10000,12
384,"222,000",22.2,"目標金額：1,000,000円",,20181012018123192,2,6,141,2,10000,10000,39
7,"550,000",55,"目標金額：1,000,000円",,2016122201633170,0,,9,0,,,15
2462,"1,898,000",9.4,"目標金額：20,000,000円",,20238212023111890,14,8,266,0,,,47
2496,"111,000",7.4,"目標金額：1,500,000円",,20231052023121572,0,,309,0,,,11
42,"10,623,611",35.4,"目標金額：30,000,000円",,2015912016331213,20,,30,0,,,28
1849,"1,015,000",101.4,"目標金額：1,000,000円",,202210520231391,3,4,218,4,11000,8000,28
2294,"1,311,000",131.1,"目標金額：1,000,000円",,202362202383191,0,,100,322,1067000,9000,26
2851,"119,000",7.9,"目標金額：1,500,000円",,20231215202431491,0,4,89,0,,,26
324,"202,000",4,"目標金額：5,000,000円",,2018625201882562,0,,488,5,100000,5000,29
1278,"2,247,000",224.7,"目標金額：1,000,000円",,20211022202211990,8,,153,19,150000,10000,19
2293,"4,430,000",11,"目標金額：40,000,000円",,2023525202372057,0,1,164,6,200000,10000,13
778,"3,743,000",71.9,"目標金額：5,200,000円",,2020432020930181,0,1,224,8,77000,10000,21
111,"452,000",22.6,"目標金額：2,000,000円",,20161072016102822,0,,146,0,,,11
2856,"576,000",9.6,"目標金額：6,000,000円",,20231215202431491,0,,180,738,60000000,1000,31
1878,"3,281,610",109.3,"目標金額：3,000,000円",,20221032022123190,0,,197,101,237000,8000,15
588,"468,000",31.2,"目標金額：1,500,000円",,2019722201993071,3,1,153,4,50000,10000,18
73,"3,050,000",101.6,"目標金額：3,000,000円",,20164112016930173,20,,12,0,,,38
2097,"1,610,000",107.3,"目標金額：1,500,000円",,202211320232191,20,15,62,0,,,50
1420,"2,259,312",150.6,"目標金額：1,500,000円",,20211012021123192,0,5,179,29,66000,7000,34
2251,"2,360,000",118,"目標金額：2,000,000円",,20234720237590,0,2,217,196,1000000,5000,21
2407,"15,046,400",100.3,"目標金額：15,000,000円",,2023812023102990,0,,335,1638,45000000,5000,33
87,"1,000,000",100,"目標金額：1,000,000円",,201661201671545,0,,563,0,,,23
2894,"5,015,000",167.1,"目標金額：3,000,000円",,2024123202433169,0,1,48,78,110000,5000,23
2438,"50,000",5,"目標金額：1,000,000円",,20238172023111490,0,,295,0,,,9
543,"1,136,000",113.6,"目標金額：1,000,000円",,20195102019831114,14,1,153,9,30000,5000,35
80,"10,689,377",44.5,"目標金額：24,000,000円",,201651620161231230,20,,142,0,,,19
1285,"7,231,000",103.3,"目標金額：7,000,000円",,202181320211231141,0,5,471,8,200000,5000,36
2858,"795,617",26.5,"目標金額：3,000,000円",,20231214202422978,20,2,315,0,,,27
2090,"5,000,141",100,"目標金額：5,000,000円",,2022127202331397,0,4,473,0,,,30
74,"4,428,000",134.1,"目標金額：3,300,000円",,201641120166960,11,,311,0,,,32
120,"6,320,000",210.6,"目標金額：3,000,000円",,201732201733130,20,,520,0,,,18
312,"300,430,175",901.8,"目標金額：33,311,000円",,20186120181130183,20,6,0,0,,,37
776,"720,000",7.2,"目標金額：10,000,000円",,202042202051847,0,1,0,0,,,22
544,"805,500",28.3,"目標金額：2,838,000円",,20195242019102132,10,,153,1,10000,10000,23
1649,"206,000",15.6,"目標金額：1,320,000円",,2022415202271390,0,,215,0,,,9
715,"194,000",19.4,"目標金額：1,000,000円",,20191122202022192,0,,0,3,30000,10000,22
2038,"725,000",36.2,"目標金額：2,000,000円",,20221223202332391,0,,134,195,330000,5000,27
2804,"1,301,000",65,"目標金額：2,000,000円",,202312320243190,0,,274,18,500000,10000,29
2497,"2,743,000",91.4,"目標金額：3,000,000円",,20231022023123191,8,4,309,13,51000,6500,25
2007,"2,448,000",40.8,"目標金額：6,000,000円",,20221032022123190,0,,401,26,145000,7000,20
518,"1,915,000",63.8,"目標金額：3,000,000円",,20192252019711137,0,1,0,145,1250000,6000,50
144,"435,000",4.3,"目標金額：10,000,000円",,20174520177491,11,,329,0,,,23
712,"1,301,000",13,"目標金額：10,000,000円",,20191222020630212,10,,257,20,530000,10000,14
349,"4,310,000",107.7,"目標金額：4,000,000円",,2018812018103192,20,2,372,9,1000000,5000,37
2232,"832,050",83.2,"目標金額：1,000,000円",,202331202352989,0,,122,32,5000000,6000,15
516,"1,178,000",117.8,"目標金額：1,000,000円",,201931201933131,4,2,159,2,44000,40000,19
724,"4,617,072",461.7,"目標金額：1,000,000円",,2019122202022990,20,1,407,3,10000,5000,22
340,"1,177,000",117.7,"目標金額：1,000,000円",,2018872018103186,18,1,209,13,100000,5000,34
186,"400,000",8,"目標金額：5,000,000円",,2017823201791524,7,,880,0,,,26
1678,"60,000",2,"目標金額：3,000,000円",,2022520202281891,0,1,300,3,100000,10000,20
2499,"1,100,500",110,"目標金額：1,000,000円",,20231022023123191,16,3,159,23,50000,7000,22
2660,"5,809,000",290.4,"目標金額：2,000,000円",,20231022023123191,0,1,677,248,1447000,5000,17
2452,"12,766,000",127.6,"目標金額：10,000,000円",,20237282023102590,0,,785,0,,,35
1011,"4,085,000",204.2,"目標金額：2,000,000円",,20201013202111190,0,4,240,14,300000,10000,34
26,"6,900,000",138,"目標金額：5,000,000円",,2015423201572290,0,,0,0,,,19
1475,"826,000",55,"目標金額：1,500,000円",,2021115202212077,17,1,0,0,,,17
2832,"3,436,000",6.8,"目標金額：50,000,000円",,20231213202431190,0,2,79,256,3000000,10000,35
347,"196,000",19.6,"目標金額：1,000,000円",,2018713201892878,1,,229,10,16000,8000,18
2658,"2,502,000",100,"目標金額：2,500,000円",,20231112023123161,20,1,917,0,,,26
1640,"12,561,000",62.8,"目標金額：20,000,000円",,2022412022930183,20,1,991,42,3000000,10000,28
2667,"120,000",12,"目標金額：1,000,000円",,20231016202411087,4,,474,0,,,16
1486,"1,454,648",145.4,"目標金額：1,000,000円",,20211022202211990,14,8,203,11,37000,5000,46
2031,"3,478,000",13.9,"目標金額：25,000,000円",,20221017202311490,6,,197,73,340000,3000,28
976,"331,000",1.1,"目標金額：30,000,000円",,202087202011490,0,,0,0,,,13
2091,"5,607,500",32.9,"目標金額：17,000,000円",,20221116202313076,18,1,256,7,55000,6000,26
75,"3,607,001",120.2,"目標金額：3,000,000円",,20164112016731112,20,,146,0,,,28
1270,"1,407,000",140.7,"目標金額：1,000,000円",,202171202193092,20,4,0,5,100000,10000,35
1284,"54,296,000",108.5,"目標金額：50,000,000円",,20217620211231179,20,7,115,0,,,30
2859,"19,683,000",65.6,"目標金額：30,000,000円",,20231220202431991,14,2,244,842,2000000,6000,16
2257,"377,000",18.8,"目標金額：2,000,000円",,2023615202391391,0,,302,19,167000,1000,12
1419,"5,673,000",189.1,"目標金額：3,000,000円",,20211012021123192,0,2,0,5,100000,3000,23
2892,"604,000",60.4,"目標金額：1,000,000円",,202421202443090,0,2,181,33,100000,5000,23
313,"90,000",9,"目標金額：1,000,000円",,201866201871641,0,,211,8,100000,10000,18
119,"3,250,000",32.5,"目標金額：10,000,000円",,20161212017531182,20,,460,0,,,26
86,"675,000",8.4,"目標金額：8,000,000円",,201661020161010123,7,,146,0,,,44
589,"1,277,000",116,"目標金額：1,100,000円",,20198120191231153,12,2,153,10,21000,5000,33
1045,"1,276,000",108.1,"目標金額：1,180,000円",,20201052020123188,18,1,0,4,34000,12000,29
2096,"757,000",11.6,"目標金額：6,500,000円",,20221128202322590,0,4,132,51,156000,10000,24
2430,"20,688,000",275.8,"目標金額：7,500,000円",,2023817202393045,0,1,0,682,800000,5000,45
2602,"425,000",42.5,"目標金額：1,000,000円",,20231032023123190,0,,758,0,,,17
2292,"393,000",39.3,"目標金額：1,000,000円",,202373202373129,0,,78,2,20000,10000,9
1417,"679,000",67.9,"目標金額：1,000,000円",,20211012021123091,2,,135,19,41000,10000,19
1241,"4,000,000",100,"目標金額：4,000,000円",,2021612021928120,10,3,0,0,,,22
110,"8,343,000",109.7,"目標金額：7,600,000円",,20169292016123194,20,,340,0,,,20
322,"20,445,518",81.7,"目標金額：25,000,000円",,201861520181031139,20,,249,1,30000,30000,15
574,"1,610,000",80.5,"目標金額：2,000,000円",,201971201983162,5,1,153,0,,,16
1074,"1,812,313",181.2,"目標金額：1,000,000円",,20201026202112390,20,1,371,0,,,21
1622,"9,320,455",621.3,"目標金額：1,500,000円",,2023432023731120,0,1,650,0,,,16
2295,"9,257,011",108,"目標金額：8,571,000円",,202371202392890,20,4,309,21,100000,5000,57
128,"5,834,000",58.3,"目標金額：10,000,000円",,2016121201713162,0,,142,0,,,16
587,"558,000",27.9,"目標金額：2,000,000円",,20199220191231121,9,,247,67,800000,10000,32
1877,"1,485,000",148.5,"目標金額：1,000,000円",,2022912022113091,20,2,0,4,50000,5000,35
573,"530,000",10.6,"目標金額：5,000,000円",,201978201910590,0,,153,7,100000,3000,28
117,"330,500",13.2,"目標金額：2,500,000円",,2016129201722882,11,,647,0,,,13
1692,"805,000",8,"目標金額：10,000,000円",,2022523202282090,13,1,68,77,300000,8000,17
950,"181,000",3.6,"目標金額：5,000,000円",,20207222020101990,0,1,326,141,397000,3000,28
2814,"55,000",1.5,"目標金額：3,500,000円",,20231222202421960,1,1,53,12,200000,8500,13
537,"2,505,000",125.2,"目標金額：2,000,000円",,201941201962889,8,,0,11,60000,10000,18
38,"8,765,000",194.7,"目標金額：4,500,000円",,201563201571138,0,,103,1,10000,10000,30
1659,"37,815,000",75.6,"目標金額：50,000,000円",,2022620202281961,0,1,31,7,3000000,18000,19
1037,"4,088,074",81.7,"目標金額：5,000,000円",,20201012020122990,10,2,402,79,1150000,12000,24
359,"175,100",8.7,"目標金額：2,000,000円",,20188292018113094,0,1,121,6,30000,10000,20
957,"17,816,852",44.5,"目標金額：40,000,000円",,20201012021131123,20,1,484,21,500000,10000,19
702,"1,016,000",101.6,"目標金額：1,000,000円",,201911192019122941,1,1,89,0,,,31
2679,"7,144,000",255.1,"目標金額：2,800,000円",,20231113202421090,8,2,135,42,334000,7000,18
2813,"834,000",55.6,"目標金額：1,500,000円",,20231215202431491,1,1,88,139,84000,1000,34
2684,"6,378,001",318.9,"目標金額：2,000,000円",,202310192023123174,0,2,228,258,1560000,1000,38
539,"1,338,000",14.8,"目標金額：9,000,000円",,20191012019123192,20,3,153,18,100000,10000,27
2214,"2,586,000",258.6,"目標金額：1,000,000円",,202321202343089,3,2,140,15,85000,8000,29
1802,"384,000",38.4,"目標金額：1,000,000円",,20221032022123190,2,1,76,0,,,13
1668,"105,234,000",105.2,"目標金額：100,000,000円",,202242620221231250,20,1,150,54,165000,5500,24
1496,"1,154,000",115.4,"目標金額：1,000,000円",,20211020202223106,2,1,248,78,132000,10000,37
2683,"1,922,430",96.1,"目標金額：2,000,000円",,20231112023122555,0,1,287,34,71300,4000,53
992,"285,000",28.5,"目標金額：1,000,000円",,20201052020123188,7,1,123,1,10000,10000,20
733,"1,010,000",101,"目標金額：1,000,000円",,2019126202011642,20,3,0,0,,,27
959,"1,223,000",60.2,"目標金額：2,030,000円",,20207282020102590,20,1,0,0,,,18
1099,"3,040,000",101.3,"目標金額：3,000,000円",,20201130202122891,9,,419,122,300000,5000,20
555,"1,386,000",69.3,"目標金額：2,000,000円",,201971201993092,0,,153,56,492000,13000,18
1409,"2,040,000",102,"目標金額：2,000,000円",,20211032021123190,9,1,88,1,20000,20000,25
2075,"167,000",5.5,"目標金額：3,000,000円",,2022112202313090,1,1,413,0,,,14
1294,"790,000",11.2,"目標金額：7,000,000円",,202171202192890,7,,0,7,1000000,10000,26
2411,"3,673,000",244.8,"目標金額：1,500,000円",,2023815202311179,0,10,215,243,700000,5000,39
304,"1,369,000",136.9,"目標金額：1,000,000円",,201861201882990,20,,286,5,100000,10000,29
2871,"2,618,000",52.3,"目標金額：5,000,000円",,20231225202432491,0,9,162,6,130000,9000,45
552,"1,734,180",173.4,"目標金額：1,000,000円",,2019531201973162,0,1,103,11,211000,8000,28
1267,"2,647,000",132.3,"目標金額：2,000,000円",,20217302021103194,6,1,0,41,560000,9000,19
1293,"1,045,000",104.5,"目標金額：1,000,000円",,202181320211231141,9,6,267,14,30000,3000,33
96,"80,000",8,"目標金額：1,000,000円",,201671201681950,0,,146,0,,,18
109,"1,834,000",32,"目標金額：5,719,000円",,2016105201612663,20,,412,0,,,16
2072,"1,647,000",164.7,"目標金額：1,000,000円",,20221115202321391,0,,111,19,1000000,5000,39
2249,"160,555",16,"目標金額：1,000,000円",,202343202363089,4,1,320,0,,,13
2847,"1,690,500",3.3,"目標金額：50,000,000円",,20231222202432090,20,,184,7,1000000,10000,19
1251,"376,000",12.5,"目標金額：3,000,000円",,2021531202182991,0,,237,13,40000,5000,12
2282,"989,000",49.4,"目標金額：2,000,000円",,20235820238489,0,4,206,85,336000,13000,16
903,"3,702,500",123.4,"目標金額：3,000,000円",,2020617202091490,8,,150,25,160000,7000,16
107,"510,000",2.5,"目標金額：20,000,000円",,201610142017331169,3,,0,0,,,42
751,"2,010,000",100.4,"目標金額：2,000,000円",,201912182019122912,0,1,135,2,100000,10000,22
563,"90,001",9,"目標金額：1,000,000円",,201961820191231197,0,,153,52,1700000,5000,20
98,"35,000",2,"目標金額：1,700,000円",,20168320169332,0,,146,0,,,12
1867,"1,566,000",19.3,"目標金額：8,100,000円",,20221017202311490,1,1,172,50,190000,8000,19
2427,"6,123,000",153,"目標金額：4,000,000円",,20231022023123191,1,5,299,613,2000000,6000,27
2615,"11,900,000",119,"目標金額：10,000,000円",,20231062024131118,0,5,188,565,500000,5000,91
2271,"16,007,000",80,"目標金額：20,000,000円",,2023418202371892,0,,672,0,,,12
138,"110,000",2.2,"目標金額：5,000,000円",,201726201733154,3,,387,0,,,21
2285,"673,000",33.6,"目標金額：2,000,000円",,2023522202381990,0,2,414,87,174000,6000,33
1858,"32,288,168",107.6,"目標金額：30,000,000円",,20229220221231121,20,3,248,337,880000,2000,86
2682,"2,414,000",120.7,"目標金額：2,000,000円",,2023121202412051,13,1,74,0,,,22
993,"5,458,001",109.1,"目標金額：5,000,000円",,2020912021131153,0,1,45,0,,,15
369,"18,497,555",102.7,"目標金額：18,000,000円",,201882220181130101,9,,109,0,,,15
967,"1,685,000",33.7,"目標金額：5,000,000円",,202083202011191,4,2,221,11,500000,6000,21
2676,"1,524,000",11.7,"目標金額：13,000,000円",,2023111202412990,0,,182,530,2340000,5000,22
1804,"14,107,000",141,"目標金額：10,000,000円",,20228252022102158,20,3,234,0,,,20
2649,"12,585,000",786.5,"目標金額：1,600,000円",,20231030202412891,0,,173,579,5050000,2000,52
2671,"7,344,100",244.8,"目標金額：3,000,000円",,20231127202422591,12,,169,219,1170000,5000,20
2443,"1,888,900",104.9,"目標金額：1,800,000円",,20239192023121588,0,1,342,1719,45000000,5000,35
960,"1,634,000",81.7,"目標金額：2,000,000円",,20207222020102192,3,,321,19,238000,12000,19
2824,"3,771,000",125.7,"目標金額：3,000,000円",,2023121202422890,11,3,379,219,3000000,2000,29
735,"821,000",45.6,"目標金額：1,800,000円",,20191225202032592,7,2,136,3,30000,13000,22
358,"233,000",23.3,"目標金額：1,000,000円",,2018932018113089,0,,0,2,50000,30000,19
1452,"2,551,000",255.1,"目標金額：1,000,000円",,20211013202211090,0,3,220,33,104000,5000,30
1499,"754,713",25.1,"目標金額：3,000,000円",,20211115202221290,0,,429,0,,,9
367,"1,036,193",103.6,"目標金額：1,000,000円",,2018932018113089,20,1,916,2,30000,5000,23
969,"649,500",42.1,"目標金額：1,542,000円",,20201012020122081,0,1,152,0,,,20
393,"15,910,000",318.2,"目標金額：5,000,000円",,2018119201913184,7,2,0,145,1250000,6000,49
1835,"1,498,000",149.8,"目標金額：1,000,000円",,20221012022123192,0,,677,13,22000,5000,16
2486,"209,000",4.1,"目標金額：5,000,000円",,202394202312290,3,1,118,0,,,20
1031,"73,000",7.3,"目標金額：1,000,000円",,20209152020113077,0,,0,134,500000,10000,21
509,"1,132,000",113.2,"目標金額：1,000,000円",,201918201933183,15,1,588,0,,,23
39,"10,575,000",105.7,"目標金額：10,000,000円",,201571201583060,0,,281,0,,,20
2815,"9,631,000",192.6,"目標金額：5,000,000円",,2023121202422991,0,2,183,639,12000000,1000,24
152,"414,000",41.4,"目標金額：1,000,000円",,2017452018324354,3,,322,1,4000,4000,30
536,"4,374,000",364.5,"目標金額：1,200,000円",,201951020198790,19,1,323,8,38000,7000,20
1268,"100,000",2,"目標金額：5,000,000円",,2021618202191590,0,,262,24,44000,3000,17
1866,"3,089,000",88.2,"目標金額：3,500,000円",,20229152022121390,10,,199,14,62000,8000,21
2089,"980,000",19.6,"目標金額：5,000,000円",,2022121202322890,0,2,48,3,30000,10000,42
2419,"1,111,000",86.7,"目標金額：1,280,000円",,202398202312690,0,1,382,235,360000,10000,23
2284,"6,377,000",127.5,"目標金額：5,000,000円",,202351202373091,0,1,0,643,800000,5000,43
1859,"5,215,000",260.7,"目標金額：2,000,000円",,20229162023114120,5,1,133,46,300000,10000,32
52,"18,479,000",61.5,"目標金額：30,000,000円",,20151162015123156,20,,134,0,,,22
1257,"488,000",48.8,"目標金額：1,000,000円",,202172202193091,0,1,248,85,132000,9000,42
2614,"4,197,000",83.9,"目標金額：5,000,000円",,20231032023123190,0,2,258,0,,,21
139,"885,000",8.8,"目標金額：10,000,000円",,2017217201733143,0,,30,0,,,22
101,"110,000",5.5,"目標金額：2,000,000円",,2016912016103060,3,,146,0,,,14
2277,"1,360,000",13.6,"目標金額：10,000,000円",,202351520238381,0,,166,6,13000,9000,22
1406,"1,106,000",110.6,"目標金額：1,000,000円",,20211012021123192,0,10,0,1,100000,100000,30
2283,"1,301,000",43.3,"目標金額：3,000,000円",,2023516202363046,0,5,256,109,800000,6000,31
1634,"1,100,333",110,"目標金額：1,000,000円",,20225920227760,19,1,289,11,100000,7000,16
137,"220,000",22,"目標金額：1,000,000円",,2017126201733165,0,,203,0,,,21
108,"10,195,000",101.9,"目標金額：10,000,000円",,20161112017331151,20,,0,0,,,24
934,"3,479,940",231.9,"目標金額：1,500,000円",,20201012020123091,20,1,152,3,5670,3000,32
1430,"3,742,000",124.7,"目標金額：3,000,000円",,2021111202213090,0,,212,0,,,20
2087,"31,200,000",312,"目標金額：10,000,000円",,2022112820231539,0,,473,24,90000,5000,11
63,"562,016",5.6,"目標金額：10,000,000円",,201512222016331101,0,,215,0,,,15
1868,"3,220,000",102.2,"目標金額：3,150,000円",,20221032022123190,5,2,241,24,58000,7000,31
2279,"1,014,000",101.4,"目標金額：1,000,000円",,2023428202372791,0,1,433,203,3000000,3000,57
130,"2,385,000",119.2,"目標金額：2,000,000円",,20161212017315105,0,,75,0,,,25
2877,"4,065,800",31.6,"目標金額：12,831,000円",,202441202463091,20,2,148,19,77000,8200,13
2080,"2,340,000",117,"目標金額：2,000,000円",,20221212023331121,0,,88,0,,,17
2246,"1,567,000",156.7,"目標金額：1,000,000円",,20234720237590,0,2,90,20,68000,3000,23
90,"384,000",19.2,"目標金額：2,000,000円",,201671201683162,6,,146,0,,,34
2562,"88,112,000",293.7,"目標金額：30,000,000円",,20231022023123191,0,1,309,625,150000000,4000,38
2106,"7,935,000",1.3,"目標金額：600,000,000円",,2022113202313190,0,2,404,358,920000,2000,104
1121,"4,025,000",20.1,"目標金額：20,000,000円",,2020121202122890,20,1,216,11,200000,10000,22
2905,"559,000",27.9,"目標金額：2,000,000円",,20242520245187,0,1,188,24,270000,12000,13
614,"932,400",6.2,"目標金額：15,000,000円",,20198302020630306,15,,346,0,,,15
2591,"1,982,000",58.2,"目標金額：3,400,000円",,202310620241491,6,,107,510,1260000,5000,37
2333,"2,155,000",56.7,"目標金額：3,800,000円",,202371202392991,13,,175,476,2000000,4000,62
1589,"400,000",35.7,"目標金額：1,120,000円",,2022218202232738,0,,249,0,,,16
277,"51,000",5.1,"目標金額：1,000,000円",,2018427201872590,0,,211,4,100000,3000,17
2795,"6,171,800",239.5,"目標金額：2,576,000円",,2023111120242991,20,3,51,489,500000,3000,194
2553,"284,000",9.4,"目標金額：3,000,000円",,20231032023123190,0,1,537,0,,,13
2761,"1,495,000",149.5,"目標金額：1,000,000円",,202311820242590,8,6,203,95,249000,5000,56
2305,"1,204,000",120.4,"目標金額：1,000,000円",,2023524202382190,7,1,0,390,815000,9000,24
2137,"135,000",0.5,"目標金額：25,000,000円",,20221118202321590,0,,156,22,300000,5000,13
2108,"2,680,000",14.4,"目標金額：18,500,000円",,2022113202313190,0,4,231,362,920000,2000,109
625,"1,383,000",138.3,"目標金額：1,000,000円",,20191012019123192,20,2,340,11,25000,5000,37
2130,"320,000",10.6,"目標金額：3,000,000円",,202211112022123151,0,,288,13,33000,12000,15
2302,"55,916,000",186.3,"目標金額：30,000,000円",,202361202382990,20,6,185,0,,,18
2766,"2,404,300",120.2,"目標金額：2,000,000円",,2023111202412990,0,1,322,30,500000,10000,26
1325,"2,291,000",100,"目標金額：2,290,000円",,202110152021122774,0,,237,0,,,21
883,"928,000",92.8,"目標金額：1,000,000円",,20205212020828100,0,1,154,0,,,10
1741,"484,306",7.4,"目標金額：6,500,000円",,2022624202292291,11,,485,22,100000,5000,29
2759,"750,000",50,"目標金額：1,500,000円",,202311820242691,0,,334,12,436000,2000,10
246,"906,000",9,"目標金額：10,000,000円",,20171212018331121,0,,198,0,,,14
676,"210,000",15,"目標金額：1,400,000円",,2019111202011576,0,,266,1,14000,14000,20
649,"1,065,000",71,"目標金額：1,500,000円",,20191012019123192,10,,325,0,,,23
2190,"399,000",19.9,"目標金額：2,000,000円",,20221221202332090,0,,353,13,104000,10000,12
1947,"11,856,500",1185.6,"目標金額：1,000,000円",,20221118202321590,6,,153,19,150000,10000,20
215,"738,000",1.8,"目標金額：40,000,000円",,20171120201821790,11,,155,0,,,17
1520,"1,292,000",15.8,"目標金額：8,160,000円",,20211115202221390,0,,172,0,,,20
1978,"737,000",73.7,"目標金額：1,000,000円",,20221032022123190,0,1,190,0,,,24
1376,"3,749,000",187.4,"目標金額：2,000,000円",,20211021202211890,20,4,140,32,500000,5000,32
2735,"1,805,000",30,"目標金額：6,000,000円",,2023118202412983,0,,289,0,,,11
2163,"2,188,000",43.7,"目標金額：5,000,000円",,2022121202322890,11,,188,30,125000,7000,20
824,"3,011,000",100.3,"目標金額：3,000,000円",,202051202073091,11,1,60,0,,,14
2351,"1,392,700",139.2,"目標金額：1,000,000円",,2023626202381551,0,1,423,232,17000000,5500,16
481,"20,000",0.4,"目標金額：5,000,000円",,20181213201931290,0,,385,4,10000,10000,11
475,"10,176,500",203.5,"目標金額：5,000,000円",,2018123201913160,20,2,0,0,,,19
223,"920,000",9.2,"目標金額：10,000,000円",,20171027201813197,20,,222,14,30000,10000,15
2358,"1,264,303",126.4,"目標金額：1,000,000円",,202373202310190,0,10,122,10,100000,10000,33
2155,"1,860,000",6.2,"目標金額：30,000,000円",,20221122202322091,0,1,294,31,420000,10000,11
2367,"3,560,000",35.6,"目標金額：10,000,000円",,202372120231215148,0,3,583,0,,,16
678,"805,000",80.5,"目標金額：1,000,000円",,201911120202294,0,1,110,0,,,23
2703,"552,000",1.2,"目標金額：45,150,000円",,2023111202412990,0,,113,460,1000000,2000,36
1976,"3,539,777",44.2,"目標金額：8,000,000円",,2022101020231790,15,2,183,0,,,17
2199,"2,698,000",134.9,"目標金額：2,000,000円",,2023424202372492,0,,780,21,1000000,2000,15
2704,"555,000",1.4,"目標金額：37,870,000円",,2023111202412990,0,1,122,446,1000000,2000,24
2360,"3,342,000",111.4,"目標金額：3,000,000円",,202398202312791,20,11,246,378,1500000,5000,104
2152,"709,000",35.4,"目標金額：2,000,000円",,20221121202321788,0,1,207,1,5000,5000,16
815,"1,130,000",113,"目標金額：1,000,000円",,202071202092890,20,2,0,0,,,31
2793,"3,576,000",7.1,"目標金額：50,000,000円",,2023121202422890,0,2,491,84,2340000,5000,32
2131,"258,000",8.6,"目標金額：3,000,000円",,202211112022123151,0,,365,13,33000,12000,14
2760,"1,459,000",97.2,"目標金額：1,500,000円",,202311820242691,0,,228,27,514000,5000,12
2552,"1,275,000",63.7,"目標金額：2,000,000円",,20231032023123190,0,1,312,0,,,12
871,"1,990,000",199,"目標金額：1,000,000円",,2020522202072060,0,1,316,0,,,10
1581,"2,031,118",101.5,"目標金額：2,000,000円",,20211214202222877,5,,117,9,300000,5000,23
885,"3,532,000",58.8,"目標金額：6,000,000円",,20206120207535,20,,68,1,10000,10000,28
1575,"185,000",18.5,"目標金額：1,000,000円",,20211213202231290,0,1,95,28,100000,10000,24
1111,"970,000",32.3,"目標金額：3,000,000円",,2020121202113162,6,7,214,4,50000,10000,36
240,"1,611,000",17.9,"目標金額：9,000,000円",,2017121201822890,0,,195,0,,,14
2109,"1,446,000",19.2,"目標金額：7,500,000円",,2022113202313190,0,4,331,362,920000,2000,110
2599,"6,293,000",125.8,"目標金額：5,000,000円",,20231062023123187,13,2,206,886,1000000,5000,36
1315,"117,000",2.3,"目標金額：5,000,000円",,202171202192991,0,,158,88,200000,7000,16
2769,"985,000",98.5,"目標金額：1,000,000円",,2023121202411546,0,3,125,97,160000,4000,35
1588,"409,820",40.9,"目標金額：1,000,000円",,2022215202251590,0,,135,16,85000,10000,17
2335,"254,000",3.8,"目標金額：6,655,000円",,2023711202310890,1,3,482,0,,,13
1782,"5,218,555",104.3,"目標金額：5,000,000円",,2022812023131184,0,,45,0,,,13
1749,"65,000",6.5,"目標金額：1,000,000円",,202271202283162,0,,374,0,,,15
2138,"814,000",40.7,"目標金額：2,000,000円",,20221116202321390,6,,450,8,50000,5000,20
2198,"1,547,000",15.4,"目標金額：10,000,000円",,20221216202331590,0,,265,0,,,15
2508,"1,060,000",106,"目標金額：1,000,000円",,202310520241290,3,,215,15,434000,35000,13
641,"1,680,000",168,"目標金額：1,000,000円",,2019920201912678,0,,444,7,50000,5000,18
814,"1,390,000",139,"目標金額：1,000,000円",,202051202072990,3,1,0,14,75000,9000,21
2361,"1,000,000",100,"目標金額：1,000,000円",,20237262023101986,0,,49,0,,,10
2359,"2,045,000",68.1,"目標金額：3,000,000円",,202373202393090,0,1,170,258,2500000,3000,24
2366,"1,125,000",37.5,"目標金額：3,000,000円",,202373202372018,0,1,203,0,,,22
214,"1,532,000",153.2,"目標金額：1,000,000円",,20171012017122788,20,,379,0,,,18
684,"806,000",20.1,"目標金額：4,000,000円",,20191119202013174,7,2,409,0,,,27
2506,"90,000",9,"目標金額：1,000,000円",,20231022023123191,0,,216,75,660000,10000,10
2350,"8,332,758",111.1,"目標金額：7,500,000円",,202373202393090,20,2,536,40,100000,5000,16
1377,"5,795,848",128.7,"目標金額：4,500,000円",,202110420221291,0,2,305,3,67000,13000,32
1189,"2,125,000",106.2,"目標金額：2,000,000円",,202142202163090,18,1,325,16,47000,5000,27
677,"374,000",37.4,"目標金額：1,000,000円",,2019111202013192,0,,275,6,100000,3000,34
648,"750,000",28.8,"目標金額：2,600,000円",,20199272019123196,5,3,177,13,50000,5000,30
2381,"1,003,000",100.2,"目標金額：1,000,000円",,20237142023101190,4,1,147,478,384000,2000,117
1736,"282,000",28.2,"目標金額：1,000,000円",,2022622202271524,0,,141,0,,,14
2523,"1,285,000",85.6,"目標金額：1,500,000円",,20231012023123192,0,,160,0,,,22
2375,"222,000",22.2,"目標金額：1,000,000円",,202310242023111624,0,,276,70,9990000,8000,16
1709,"120,000",12,"目標金額：1,000,000円",,2022616202291693,3,1,412,0,,,20
655,"5,555,000",111.1,"目標金額：5,000,000円",,20191010202011598,8,,232,17,100000,10000,23
1167,"1,751,000",56.4,"目標金額：3,100,000円",,202141202163091,0,,126,89,330000,5000,17
1355,"45,000",4.5,"目標金額：1,000,000円",,20211012021123192,0,,213,0,,,15
1731,"1,212,000",40.4,"目標金額：3,000,000円",,202261202283192,6,1,286,8,100000,2000,9
460,"482,000",24.1,"目標金額：2,000,000円",,20181130201922891,0,,377,9,200000,10000,11
1990,"22,886,000",1144.3,"目標金額：2,000,000円",,202210320231190,0,1,104,486,12000000,10000,21
2729,"1,896,000",189.6,"目標金額：1,000,000円",,20231122023123160,0,2,227,337,9540000,5000,80
236,"1,258,555",41.9,"目標金額：3,000,000円",,2017121201822890,11,,173,0,,,20
494,"501,000",25,"目標金額：2,000,000円",,20181220201931182,0,1,232,6,100000,5000,24
1999,"2,517,000",139.8,"目標金額：1,800,000円",,2022111202313090,0,1,278,23,50000,9000,18
2720,"7,116,500",237.2,"目標金額：3,000,000円",,2023111202412990,0,3,132,319,9540000,5000,87
1397,"351,000",0.7,"目標金額：50,000,000円",,20211012021122990,6,,215,266,1000000,10000,76
1535,"1,240,000",35.4,"目標金額：3,500,000円",,20211220202231990,0,2,285,42,300000,6000,53
456,"5,000,000",100,"目標金額：5,000,000円",,20181112018123161,8,1,151,0,,,30
690,"621,000",62.1,"目標金額：1,000,000円",,20191115202013178,0,,254,0,,,21
1532,"15,197,000",18.9,"目標金額：80,000,000円",,20211272022318102,0,,148,0,,,15
2343,"2,239,000",223.9,"目標金額：1,000,000円",,202373202393090,1,19,385,381,723000,7000,144
238,"676,000",13.5,"目標金額：5,000,000円",,20171128201822590,12,,172,0,,,27
2727,"1,511,000",151.1,"目標金額：1,000,000円",,20231112023123161,5,4,228,581,336000,4000,50
2718,"4,268,000",21.3,"目標金額：20,000,000円",,20231031202412890,0,2,578,10,50000,11000,26
663,"33,000,000",100,"目標金額：33,000,000円",,201910112019122070,0,1,32,0,,,26
2328,"211,000",21.1,"目標金額：1,000,000円",,2023616202381561,0,,325,0,,,9
2919,"2,533,115",10.1,"目標金額：25,000,000円",,2024320202461790,0,4,165,0,,,13
2317,"7,663,500",153.2,"目標金額：5,000,000円",,2023615202391290,20,4,262,0,,,32
2921,"249,000",3.2,"目標金額：7,700,000円",,2024415202471390,0,,149,17,185000,3000,12
2546,"310,000",7.7,"目標金額：4,000,000円",,20239132023121190,0,,88,0,,,14
1595,"1,296,000",64.8,"目標金額：2,000,000円",,20223222022919182,0,,152,40,498000,7000,28
2780,"126,000",8.4,"目標金額：1,500,000円",,20231127202422591,0,,124,0,,,12
2917,"184,000",18.4,"目標金額：1,000,000円",,202431202452990,2,,122,41,5000000,6000,18
296,"611,000",16.9,"目標金額：3,600,000円",,2018514201871563,3,,336,0,,,21
1568,"120,000",4,"目標金額：3,000,000円",,20211217202231690,0,,281,8,301000,10000,14
265,"45,000",0.7,"目標金額：6,000,000円",,20182120185190,0,,82,3,10000,10000,17
2910,"2,591,000",64.7,"目標金額：4,000,000円",,2024130202432960,0,,0,784,1000000,5000,43
2548,"4,000,000",100,"目標金額：4,000,000円",,20239152023121491,0,2,562,0,,,19
601,"2,145,000",71.5,"目標金額：3,000,000円",,2019852020331240,0,1,306,0,,,12
1134,"1,298,000",18.5,"目標金額：7,000,000円",,202012720213690,0,,244,3,70000,12000,20
2583,"1,059,000",105.9,"目標金額：1,000,000円",,20231022023123191,2,1,329,0,,,16
2745,"4,097,000",409.7,"目標金額：1,000,000円",,20231128202422691,5,5,266,226,264000,1000,45
2577,"2,745,000",274.5,"目標金額：1,000,000円",,2023101220241990,0,1,294,0,,,22
2342,"1,029,000",102.9,"目標金額：1,000,000円",,2023616202372338,5,7,103,132,2100000,11000,35
2726,"890,000",59.3,"目標金額：1,500,000円",,20231030202412891,0,1,176,50,90000,5000,28
2514,0,0,"目標金額：1,000,000円",,2023912023113091,0,,179,0,,,24
696,"2,055,000",41.1,"目標金額：5,000,000円",,2019111202013192,18,2,161,0,,,24
1954,"17,000",0.3,"目標金額：5,000,000円",,20221052022123188,1,1,504,0,,,14
1706,"987,000",16.7,"目標金額：5,876,000円",,2022623202292090,14,,18,6,20000,10000,13
2513,"3,910,000",130.3,"目標金額：3,000,000円",,20231022023123191,0,2,457,19,110000,10000,19
2721,"160,000",16,"目標金額：1,000,000円",,202310202023123173,0,1,0,2,10000,5000,20
2177,"1,592,000",5.3,"目標金額：30,000,000円",,2022121202322890,0,,151,508,60000000,7000,23
691,"1,126,000",56.3,"目標金額：2,000,000円",,2019111202012990,20,4,401,12,300000,5000,28
1739,"771,000",38.5,"目標金額：2,000,000円",,202271202293092,17,3,244,0,,,19
2387,"391,000",6.5,"目標金額：6,000,000円",,20237272023102490,0,2,142,485,60000000,3000,21
1192,"2,915,000",83.2,"目標金額：3,500,000円",,2021329202162790,0,3,287,45,1000000,10000,36
495,"1,185,500",85.9,"目標金額：1,380,000円",,20181210201931091,0,1,108,1,5000,5000,25
2728,"217,000",21.7,"目標金額：1,000,000円",,20231020202411891,0,1,69,0,,,19
237,"2,588,001",258.8,"目標金額：1,000,000円",,201711222018331130,3,,928,0,,,19
2710,"3,138,000",62.7,"目標金額：5,000,000円",,2023111202412990,0,2,174,9,80000,8000,20
1195,"605,000",5,"目標金額：12,000,000円",,202141202152959,0,,271,0,,,20
2146,"1,093,000",43.7,"目標金額：2,500,000円",,202212920232660,0,,270,0,,,21
1505,"125,000",6.2,"目標金額：2,000,000円",,202111152021123147,0,,192,0,,,19
230,"1,113,635",55.6,"目標金額：2,000,000円",,2017121201822890,0,,75,0,,,20
466,"765,000",38.2,"目標金額：2,000,000円",,20181129201922892,0,,357,4,1000000,10000,21
1398,"1,611,000",2.9,"目標金額：55,000,000円",,20211212021123131,0,,283,5,25000,10000,14
654,"1,412,400",70.6,"目標金額：2,000,000円",,20191022019123191,0,1,643,0,,,17
492,"130,000",13,"目標金額：1,000,000円",,20181217201931589,0,,425,0,,,21
1708,"840,000",33.6,"目標金額：2,500,000円",,2022624202292089,6,9,404,11,15000,5000,20
264,"793,000",5.2,"目標金額：15,000,000円",,20182120185190,12,,413,5,50000,10000,16
600,"772,000",7,"目標金額：11,000,000円",,20191015202011593,0,,153,0,,,20
432,"168,000",6,"目標金額：2,800,000円",,2018111201911576,0,1,454,1,14000,14000,20
2744,"4,005,000",100.1,"目標金額：4,000,000円",,20231112023112929,6,1,390,603,800000,6000,107
2320,"60,000",3,"目標金額：2,000,000円",,202369202381063,3,1,301,0,,,13
1909,"760,000",7.6,"目標金額：10,000,000円",,20221017202311591,7,,207,7,300000,10000,24
297,"7,282,000",72.8,"目標金額：10,000,000円",,201871220181019100,0,,475,18,20000,5000,17
2788,"22,000",0.8,"目標金額：2,500,000円",,20231117202421490,0,2,30,5,14000,8000,31
263,"730,000",24.3,"目標金額：3,000,000円",,201851201872990,0,,145,3,20000,20000,24
1132,"1,474,000",9.8,"目標金額：15,000,000円",,2020121202122890,0,1,487,0,,,16
2585,"10,000",1,"目標金額：1,000,000円",,20231282023122922,0,2,521,0,,,11
2920,"1,010,000",101,"目標金額：1,000,000円",,20244420247391,20,4,191,392,1500000,3000,80
631,"284,000",7.1,"目標金額：4,000,000円",,20191012019123192,0,2,153,0,,,20
1560,"26,762,000",764.6,"目標金額：3,500,000円",,20221214202311533,0,,165,333,1300000,5000,38
2775,"9,027,500",180.5,"目標金額：5,000,000円",,202312820243690,0,2,238,79,367000,6000,20
2547,"2,288,000",71.5,"目標金額：3,200,000円",,20231022023123191,0,2,92,35,300000,5000,31
2329,"60,000",6,"目標金額：1,000,000円",,202377202310591,0,1,527,0,,,23
2316,"518,000",51.8,"目標金額：1,000,000円",,202361202373161,12,2,309,41,40000,5000,31
1593,"3,916,600",7.8,"目標金額：50,000,000円",,20222320221031271,20,1,177,0,,,15
2772,"10,466,600",104.6,"目標金額：10,000,000円",,2023117202411570,8,1,170,271,2500000,5000,29
609,"2,015,000",100.7,"目標金額：2,000,000円",,2019827201991924,20,1,84,5,50000,5000,28
299,"3,145,000",104.8,"目標金額：3,000,000円",,2018427201872590,0,1,296,0,,,31
897,"5,659,930",282.9,"目標金額：2,000,000円",,2020528202073165,20,,376,10,200000,10000,18
1415,"1,552,200",103.4,"目標金額：1,500,000円",,20211042021123189,20,3,0,9,100000,10000,39
1071,"125,000",12.5,"目標金額：1,000,000円",,2020112202113090,0,1,360,0,,,21
2264,"220,500",22,"目標金額：1,000,000円",,202351202373091,4,,136,81,59000,10000,13
582,"1,306,000",32.6,"目標金額：4,000,000円",,2019722201983141,0,3,153,0,,,29
79,"710,000",20.2,"目標金額：3,500,000円",,20165220167868,0,,509,0,,,23
1886,"574,555",19.1,"目標金額：3,000,000円",,20229272022112156,0,,640,3,120000,40000,11
576,"64,485,306",128.9,"目標金額：50,000,000円",,201972920191231156,20,2,197,6,200000,3000,29
1288,"3,165,000",105.5,"目標金額：3,000,000円",,202181320211231141,0,1,270,4,19000,5000,17
2263,"4,501,000",150,"目標金額：3,000,000円",,202344202363088,20,1,991,48,3000000,5000,28
318,"1,117,000",111.7,"目標金額：1,000,000円",,201868201872043,0,,22,0,,,14
2435,"427,000",42.7,"目標金額：1,000,000円",,2023725202382027,3,7,444,31,100000,7000,25
41,"4,332,000",43.3,"目標金額：10,000,000円",,201577201583156,20,,83,0,,,28
571,"1,120,000",112,"目標金額：1,000,000円",,201971201993092,0,,153,20,359000,10000,20
1881,"1,180,000",118,"目標金額：1,000,000円",,2022992023331204,0,1,464,0,,,13
2638,"1,567,000",20.8,"目標金額：7,500,000円",,20239222023122090,0,1,148,21,150000,9000,15
83,"94,000",3.9,"目標金額：2,400,000円",,201651620167147,0,,0,0,,,18
578,"2,132,029",213.2,"目標金額：1,000,000円",,20197162019101491,16,2,153,0,,,20
2403,"844,000",53.7,"目標金額：1,570,000円",,20238120231231153,3,1,491,14,42000,3000,16
1286,"3,503,670",116.7,"目標金額：3,000,000円",,202181320211231141,0,2,234,6,64000,16000,21
920,"2,753,000",137.6,"目標金額：2,000,000円",,20207312020103193,0,1,0,30,220000,10000,21
1424,"1,410,000",21.6,"目標金額：6,500,000円",,2021101620221986,9,1,155,34,800000,5000,16
1272,"1,716,095",52,"目標金額：3,300,000円",,202271202293092,13,10,0,0,,,36
311,"400,000",40,"目標金額：1,000,000円",,2018613201891090,8,,275,6,50000,10000,22
123,"325,000",1.6,"目標金額：20,000,000円",,2016126201722885,0,,447,0,,,21
547,"1,490,000",149,"目標金額：1,000,000円",,201963201983190,9,,236,0,,,24
781,"1,350,000",11.2,"目標金額：12,000,000円",,20204320207190,0,,121,0,,,18
927,"1,130,000",113,"目標金額：1,000,000円",,2020630202092891,10,3,194,84,9990000,8000,28
2636,"2,227,822",74.2,"目標金額：3,000,000円",,20231022023123191,0,,118,137,132000,5000,66
2863,"245,000",24.5,"目標金額：1,000,000円",,2024115202433177,1,3,171,235,5000000,1000,17
316,"6,089,000",202.9,"目標金額：3,000,000円",,201876201882652,17,,322,0,,,39
514,"1,007,000",100.6,"目標金額：1,000,000円",,201921201922828,20,6,14,16,24000,12000,30
726,"1,122,000",56.1,"目標金額：2,000,000円",,20191232020331120,4,1,346,5,1000000,10000,20
2837,"10,000",0.2,"目標金額：5,000,000円",,20231215202431390,0,,303,0,,,13
24,"440,000",44,"目標金額：1,000,000円",,2017529201782690,3,,247,0,,,18
1477,"388,000",38.8,"目標金額：1,000,000円",,20211020202211891,0,,369,0,,,12
2034,"1,274,000",25.4,"目標金額：5,000,000円",,2022111202312990,0,1,259,31,120000,9500,11
2206,"20,148,000",33.5,"目標金額：60,000,000円",,202212142023331108,0,1,195,73,500000,10000,20
2662,"5,764,000",288.2,"目標金額：2,000,000円",,20231020202411790,20,12,282,484,500000,3000,188
719,"1,650,000",39.2,"目標金額：4,200,000円",,20191121202013172,0,,219,13,100000,3000,29
2450,"9,509,600",118.8,"目標金額：8,000,000円",,2023810202311790,20,6,487,522,3400000,5000,64
2665,"551,000",27.5,"目標金額：2,000,000円",,20231225202432491,0,,439,98,1850000,5000,43
2201,"1,054,000",105.4,"目標金額：1,000,000円",,20221220202331990,1,3,164,256,1065000,5000,40
2033,"2,794,000",279.4,"目標金額：1,000,000円",,202211152022123147,2,4,138,22,1000000,11000,24
980,"1,089,000",36.3,"目標金額：3,000,000円",,20201072020121570,0,,0,17,100000,12000,23
1014,"2,422,352",161.4,"目標金額：1,500,000円",,20209182020121892,0,1,321,0,,,19
387,"65,000",6.5,"目標金額：1,000,000円",,20181012018123192,1,6,350,1,10000,10000,40
2237,"6,914,000",211.7,"目標金額：3,264,800円",,202343202363089,12,2,482,16,46000,12000,18
2839,"1,512,000",151.2,"目標金額：1,000,000円",,20231220202431890,10,5,171,0,,,30
1680,"4,487,000",224.3,"目標金額：2,000,000円",,202283120221231123,0,,176,44,43000,3500,22
2461,"175,000",3.1,"目標金額：5,500,000円",,2023912023113091,1,,0,4,10000,10000,13
2495,"793,000",26.4,"目標金額：3,000,000円",,20231022023123191,0,1,143,11,100000,4000,19
15,"770,000",77,"目標金額：1,000,000円",,20141215201513147,0,,0,0,,,20
1674,"33,000",3.3,"目標金額：1,000,000円",,2022517202281591,0,,290,12,164000,5000,12
1826,"1,790,000",119.3,"目標金額：1,500,000円",,20229202022121890,0,1,239,0,,,18
374,"3,416,000",113.8,"目標金額：3,000,000円",,201811120192193,0,,152,12,80000,5000,21
2801,"6,620,590",44.1,"目標金額：15,000,000円",,20231120202421790,0,1,366,79,500000,5000,17
146,"1,830,000",122,"目標金額：1,500,000円",,2017428201772690,7,,274,0,,,18
710,"209,000",5.2,"目標金額：4,000,000円",,2019122202022889,0,,177,25,800000,10000,17
179,"340,000",11.3,"目標金額：3,000,000円",,201771201781041,0,,0,0,,,16
1687,"6,617,000",132.3,"目標金額：5,000,000円",,2022628202293095,20,9,27,172,1000000,3000,52
328,"187,000",9.3,"目標金額：2,000,000円",,2018627201882357,0,,438,2,20000,1000,21
2637,"8,907,288",296.9,"目標金額：3,000,000円",,2023111202413091,20,5,212,733,9000000,3000,156
2405,"55,801,000",159.4,"目標金額：35,000,000円",,20238120231231153,20,1,304,19,1500000,10000,24
1046,"2,136,130",106.8,"目標金額：2,000,000円",,2020101220211990,0,1,165,23,240000,5000,34
1274,"1,080,000",108,"目標金額：1,000,000円",,20217120211231184,0,,0,290,300000,10000,17
317,"2,140,000",107,"目標金額：2,000,000円",,20181220201922871,0,,396,4,100000,5000,16
125,"305,000",30.5,"目標金額：1,000,000円",,20161130201711345,0,,142,0,,,17
2298,"1,592,000",79.6,"目標金額：2,000,000円",,202361202383091,0,1,793,401,1100000,5000,45
787,"190,000",19,"目標金額：1,000,000円",,2020432020714103,2,,0,2,10000,5000,17
76,"3,011,000",100.3,"目標金額：3,000,000円",,2016616201682874,20,,141,0,,,33
2402,"2,830,000",283,"目標金額：1,000,000円",,202387202311490,7,6,403,219,4000000,1000,40
1287,"41,645,389",416.4,"目標金額：10,000,000円",,20217152022131201,20,,376,0,,,15
780,"1,026,000",102.1,"目標金額：1,004,000円",,202042202053160,0,1,235,5,50000,5000,29
49,"2,708,000",71.2,"目標金額：3,800,000円",,2015112020161345,13,,42,0,,,18
2891,"2,663,500",177.5,"目標金額：1,500,000円",,2024423202472190,0,,441,551,840000,7000,114
122,"468,000",18.2,"目標金額：2,570,000円",,20161112016122050,2,,179,0,,,19
310,"2,162,000",43.2,"目標金額：5,000,000円",,20187220181231183,8,,120,1,10000,10000,22
546,"1,350,100",135,"目標金額：1,000,000円",,2019527201972661,0,1,113,4,50000,10000,23
2296,"1,003,000",100.2,"目標金額：1,000,000円",,202361202382990,0,13,90,87,200000,3000,44
1621,"515,000",34.3,"目標金額：1,500,000円",,202236202251570,0,,301,6,1000000,5000,14
2898,"1,500,000",150,"目標金額：1,000,000円",,202428202433153,11,,339,0,,,14
2262,"1,804,000",36,"目標金額：5,000,000円",,202343202352856,0,1,142,44,300000,6000,15
917,"589,000",29.4,"目標金額：2,000,000円",,20207120201231184,0,1,0,190,300000,10000,11
1048,"15,452,117",386.3,"目標金額：4,000,000円",,20201012020123091,0,1,389,2,100000,10000,19
584,"1,395,000",55.8,"目標金額：2,500,000円",,2019812019102990,1,,153,0,,,17
1880,"20,000",0.2,"目標金額：10,000,000円",,2022992023331204,0,,598,0,,,10
742,"245,000",24.5,"目標金額：1,000,000円",,2019129202022983,4,,25,5,50000,10000,25
570,"124,000",6.2,"目標金額：2,000,000円",,20197120191031123,0,,153,5,160000,5000,14
326,"475,000",36.6,"目標金額：1,296,000円",,2018717201883146,0,,235,12,100000,10000,20
548,"134,000",13.4,"目標金額：1,000,000円",,201963201983190,4,1,153,11,50000,5000,29
2433,"3,531,000",117.7,"目標金額：3,000,000円",,2023912023111273,0,,169,401,1440000,3000,37
2291,"2,006,100",100.3,"目標金額：2,000,000円",,2023428202363064,20,2,369,0,,,31
1242,"6,879,000",137.5,"目標金額：5,000,000円",,2021614202191190,20,,361,0,,,26
47,"1,205,000",24.1,"目標金額：5,000,000円",,2015912015101545,6,,35,0,,,22
321,"145,000",14.5,"目標金額：1,000,000円",,201872201893091,0,,393,1,5000,5000,20
2854,"6,760,000",169,"目標金額：4,000,000円",,202312820243690,2,,185,631,5050000,2000,53
113,"2,620,000",26.2,"目標金額：10,000,000円",,20169302018331548,20,,180,0,,,10
1289,"3,710,100",106,"目標金額：3,500,000円",,202181320211231141,8,2,413,9,40000,16000,13
745,"66,000",1.8,"目標金額：3,500,000円",,20191223202032190,0,,129,2,5000,5000,23
583,"271,000",27.1,"目標金額：1,000,000円",,201981201992354,0,1,153,1,10000,10000,25
1873,"1,016,000",101.6,"目標金額：1,000,000円",,20228302022102860,20,1,480,0,,,21
2800,"2,884,000",144.2,"目標金額：2,000,000円",,2023111720241853,3,1,358,305,1100000,8000,25
375,"68,000",6.8,"目標金額：1,000,000円",,20181211201922880,0,,478,2,9000,9000,14
2458,"14,525,993",145.2,"目標金額：10,000,000円",,2023912023113091,0,1,179,1134,4640000,10000,89
2231,"70,000",1.4,"目標金額：5,000,000円",,2023119202322841,0,,230,0,,,13
178,"1,007,000",100.6,"目標金額：1,000,000円",,2017710201793083,2,,0,0,,,17
2493,"3,400,000",37.8,"目標金額：8,980,000円",,20231022023123191,0,2,172,48,220000,8000,55
1216,"1,214,000",121.4,"目標金額：1,000,000円",,2021415202171591,20,,387,33,151000,4000,32
386,"1,000,000",100,"目標金額：1,000,000円",,20181012018123192,16,5,275,1,10000,10000,42
1478,"1,475,000",147.5,"目標金額：1,000,000円",,2021111220222990,16,6,281,2,10000,5000,40
2699,"4,714,000",0.5,"目標金額：864,000,000円",,2023111202412990,0,1,64,439,1000000,2000,38
2494,"1,081,000",7.3,"目標金額：14,710,000円",,20231022023123191,0,1,473,37,100000,7000,24
729,"2,321,000",23.2,"目標金額：10,000,000円",,20191127202021581,0,,384,0,,,16
2460,"1,252,000",125.2,"目標金額：1,000,000円",,2023812023102990,0,,320,1,10000,10000,13
1218,"2,847,000",24.7,"目標金額：11,500,000円",,20211222202211424,0,,188,0,,,17
182,"505,000",16.8,"目標金額：3,000,000円",,2017712201782747,12,,173,0,,,31
1015,"795,000",79.5,"目標金額：1,000,000円",,2020992020102345,0,5,404,2,20000,10000,29
1227,"477,475",35.3,"目標金額：1,350,000円",,2021524202182190,0,1,238,59,140000,5000,31
149,"2,000,000",100,"目標金額：2,000,000円",,20174282017929155,0,,77,0,,,15
2200,"3,671,000",36.7,"目標金額：10,000,000円",,20221220202331990,0,1,22,5,18000,10000,15
1485,"3,601,000",112.5,"目標金額：3,200,000円",,20211122202222091,20,1,253,3,300000,5000,23
515,"1,408,500",70.4,"目標金額：2,000,000円",,201928201933152,1,,340,11,60000,10000,17
343,"770,000",18.3,"目標金額：4,200,000円",,20188120181231153,2,,148,6,300000,5000,25
2238,"351,000",35.1,"目標金額：1,000,000円",,2023218202333142,0,,184,162,300000,5000,16
1811,"380,000",38,"目標金額：1,000,000円",,20227272022102490,3,,279,35,104000,5000,26
388,"257,000",25.7,"目標金額：1,000,000円",,20181012018123192,4,5,145,3,15000,5000,39
1476,"1,380,000",138,"目標金額：1,000,000円",,202110182021123175,0,,57,3,10000,4000,23
